QuoteRef,Channel,Product,Smoker,Joint?,Person1 Age,Term,TotalPremium,NBC,Sold,JF (Score),WGB (No. of other addresses held),X (Months same person on ER at current address),EF (No. of people not same surname at current address),NOB (Property group),URB (Income group),LSB (Regional banded house price band),BB (Number of CCJs),ND (Months since last CCJ)
TJDU-89,Direct,Level,0.0,0.0,41.0,20,17.72,391.3,1.0,558.0,3.0,,8.0,9.0,4.0,4.0,0.0,
MTHT-57,CTM,Level accelerated,0.0,0.0,53.0,20,11.59,348.07,1.0,570.0,3.0,,0.0,11.0,8.0,3.0,0.0,
XMFO-35,CTM,Level,1.0,0.0,46.0,15,9.27,179.72,1.0,558.0,3.0,,8.0,11.0,5.0,3.0,0.0,
FSQU-21,MSM,Level,0.0,0.0,47.0,20,21.16,482.81,1.0,568.0,3.0,,4.0,10.0,4.0,8.0,0.0,
PPCM-81,CTM,Level,1.0,1.0,40.0,20,10.57,300.16,1.0,575.0,0.0,49.0,1.0,9.0,5.0,7.0,0.0,
MXNL-99,CTM,Decreasing with CI,1.0,1.0,59.0,40,10.88,239.61,1.0,,,,,,,,,
EUCY-89,CTM,Level with CI,0.0,1.0,62.0,30,18.68,494.94,1.0,533.0,3.0,24.0,13.0,10.0,7.0,6.0,0.0,
VAFA-38,MSM,Level with CI,1.0,0.0,37.0,30,6.24,148.77,1.0,509.0,,,,7.0,4.0,2.0,,
PCKP-66,Direct,Level,1.0,1.0,36.0,20,29.76,769.7,1.0,568.0,2.0,21.0,13.0,11.0,6.0,2.0,0.0,
IMTF-43,CTM,Level,0.0,0.0,43.0,20,5.54,146.88,1.0,559.0,4.0,,4.0,6.0,2.0,5.0,0.0,
TSNA-57,CTM,Decreasing,1.0,0.0,34.0,10,11.01,255.04,1.0,,,,,,,,,
IFQI-46,MSM,Level accelerated,1.0,0.0,55.0,5,16.08,388.9,1.0,542.0,5.0,,6.0,10.0,6.0,7.0,0.0,
YVLZ-98,Direct,Level accelerated,0.0,1.0,46.0,20,30.37,749.4,1.0,527.0,1.0,,7.0,20.0,8.0,9.0,0.0,
NAGD-27,CTM,Decreasing,0.0,0.0,63.0,30,41.0,820.73,1.0,571.0,2.0,,0.0,,,,0.0,
GINT-14,MSM,Level,0.0,0.0,36.0,15,10.32,222.55,1.0,554.0,0.0,,1.0,10.0,8.0,3.0,0.0,
OCDW-46,MSM,Level with CI,1.0,1.0,62.0,20,54.53,1140.71,1.0,544.0,0.0,23.0,4.0,,7.0,,0.0,
DLIZ-23,CTM,Level with CI,1.0,1.0,52.0,20,55.4,954.51,1.0,537.0,0.0,,13.0,23.0,7.0,10.0,0.0,
FEQN-40,MSM,Decreasing with CI,1.0,0.0,54.0,10,10.33,255.5,1.0,558.0,3.0,,8.0,11.0,5.0,3.0,0.0,
KDQZ-95,Direct,Level,1.0,1.0,39.0,10,80.97,1959.65,1.0,578.0,2.0,21.0,7.0,2.0,2.0,1.0,0.0,
RKTH-82,CTM,Level,0.0,0.0,45.0,20,64.32,1448.37,1.0,573.0,3.0,85.0,5.0,8.0,3.0,4.0,0.0,
MVIA-30,CTM,Level,1.0,0.0,34.0,30,10.68,276.17,1.0,568.0,2.0,21.0,13.0,11.0,6.0,2.0,0.0,
MFPA-26,CTM,Level,1.0,1.0,41.0,20,46.24,1312.58,1.0,580.0,1.0,60.0,3.0,9.0,3.0,1.0,0.0,
MQNS-91,Direct,Decreasing with CI,1.0,1.0,38.0,30,11.01,255.04,1.0,,,,,,,,,
PCDH-45,Direct,Level with CI,0.0,0.0,39.0,30,23.41,554.49,1.0,,,,,,,,,
ETRS-11,MSM,Decreasing,1.0,0.0,47.0,30,24.27,726.86,1.0,556.0,0.0,19.0,7.0,12.0,5.0,6.0,0.0,
GCUP-84,CTM,Level,1.0,0.0,48.0,30,22.88,617.26,1.0,558.0,3.0,,5.0,11.0,4.0,3.0,0.0,
LYGB-62,Direct,Decreasing,0.0,1.0,44.0,20,20.03,599.87,1.0,,,,,,,,,
EOPY-16,CTM,Decreasing,0.0,0.0,40.0,30,31.73,736.64,1.0,,,,,,,,,
JKPF-16,MSM,Decreasing with CI,1.0,1.0,33.0,10,10.86,316.93,1.0,583.0,0.0,10.0,3.0,8.0,4.0,7.0,0.0,
MRDU-92,CTM,Level accelerated,1.0,1.0,46.0,30,24.27,726.86,1.0,556.0,0.0,18.0,7.0,12.0,5.0,6.0,0.0,
GFZF-99,Direct,Decreasing,1.0,1.0,50.0,25,13.0,377.78,1.0,587.0,7.0,,12.0,9.0,5.0,2.0,0.0,
OJDO-80,CTM,Decreasing,0.0,1.0,50.0,10,23.15,504.51,1.0,554.0,3.0,,4.0,15.0,4.0,6.0,0.0,
WEVR-14,CTM,Decreasing with CI,1.0,0.0,33.0,30,23.66,432.67,1.0,562.0,2.0,109.0,10.0,14.0,5.0,8.0,0.0,
LEQZ-99,CTM,Level,1.0,0.0,39.0,5,18.14,409.39,1.0,554.0,1.0,,5.0,18.0,6.0,9.0,0.0,
QFBV-43,MSM,Level,1.0,1.0,46.0,25,28.47,747.14,1.0,558.0,3.0,,5.0,11.0,4.0,3.0,0.0,
YFLX-48,Direct,Level,1.0,0.0,47.0,30,28.26,763.19,1.0,,,,,,,,,
YHCG-28,CTM,Decreasing with CI,1.0,0.0,62.0,35,15.31,354.2,1.0,558.0,1.0,85.0,1.0,12.0,7.0,6.0,0.0,
JFTH-27,CTM,Decreasing with CI,1.0,0.0,37.0,20,14.45,334.98,1.0,572.0,3.0,16.0,4.0,15.0,5.0,6.0,0.0,
AHZJ-18,CTM,Decreasing with CI,1.0,1.0,50.0,25,56.77,877.45,1.0,575.0,8.0,15.0,5.0,5.0,3.0,6.0,0.0,
OFXT-59,Direct,Decreasing,1.0,0.0,52.0,30,18.43,471.42,1.0,,,,,,,,,
BGTW-91,Direct,Level,1.0,1.0,56.0,10,18.68,494.94,1.0,533.0,3.0,24.0,13.0,10.0,7.0,6.0,0.0,
GIWW-18,Direct,Decreasing,0.0,0.0,35.0,30,12.46,288.7,1.0,572.0,3.0,16.0,4.0,15.0,5.0,6.0,0.0,
ANFU-24,CTM,Level,1.0,1.0,44.0,20,25.1,749.3,1.0,556.0,0.0,19.0,7.0,12.0,5.0,6.0,0.0,
JSST-43,Direct,Decreasing with CI,1.0,0.0,42.0,5,64.32,1448.37,1.0,573.0,3.0,85.0,5.0,8.0,3.0,4.0,0.0,
SFPJ-24,Direct,Decreasing with CI,0.0,0.0,54.0,20,6.04,83.74,1.0,580.0,3.0,,0.0,11.0,5.0,8.0,0.0,
NQKX-87,MSM,Decreasing with CI,1.0,1.0,48.0,10,6.46,100.02,1.0,538.0,7.0,20.0,7.0,19.0,7.0,10.0,0.0,
VHOK-18,Direct,Level with CI,1.0,1.0,41.0,20,25.11,473.53,1.0,,,,,,,,,
PPTO-71,MSM,Level,1.0,1.0,44.0,10,6.24,148.77,1.0,509.0,,,,7.0,4.0,2.0,,
RNAU-53,MSM,Level,0.0,0.0,52.0,10,13.51,450.67,1.0,553.0,3.0,,5.0,13.0,4.0,2.0,0.0,
OJEF-86,MSM,Decreasing with CI,1.0,0.0,36.0,20,12.04,270.12,1.0,554.0,1.0,,5.0,18.0,6.0,9.0,0.0,
IWLD-36,CTM,Decreasing with CI,1.0,0.0,37.0,30,7.01,107.95,1.0,538.0,7.0,21.0,7.0,19.0,7.0,10.0,0.0,
UCDU-89,CTM,Level with CI,0.0,0.0,54.0,20,8.8,131.02,1.0,562.0,1.0,97.0,8.0,13.0,5.0,6.0,0.0,
EEGH-18,CTM,Level,0.0,0.0,27.0,10,29.4,133.79,1.0,567.0,4.0,20.0,12.0,15.0,6.0,5.0,0.0,
LOQU-90,MSM,Decreasing with CI,0.0,0.0,26.0,20,23.83,612.02,1.0,558.0,2.0,,0.0,5.0,8.0,5.0,0.0,
KIVY-94,Direct,Decreasing accelerated,1.0,1.0,60.0,15,29.4,133.79,1.0,567.0,4.0,20.0,12.0,15.0,6.0,5.0,0.0,
UMQB-76,Direct,Decreasing with CI,1.0,1.0,50.0,10,21.91,719.95,1.0,589.0,1.0,205.0,3.0,7.0,5.0,1.0,0.0,
VPTA-67,CTM,Level,1.0,0.0,50.0,5,13.02,376.4,1.0,,,,,,,,,
LJBT-23,CTM,Decreasing with CI,0.0,0.0,39.0,5,10.35,281.27,1.0,556.0,1.0,10.0,12.0,13.0,7.0,8.0,0.0,
KHJM-67,MSM,Decreasing with CI,0.0,0.0,53.0,5,19.85,488.84,1.0,537.0,3.0,,6.0,19.0,7.0,6.0,0.0,
NHSX-96,CTM,Level with CI,1.0,1.0,39.0,20,6.64,158.17,1.0,575.0,5.0,,5.0,16.0,5.0,4.0,0.0,
GKOW-19,Direct,Level,1.0,0.0,51.0,25,25.98,328.34,1.0,,,,,,,,,
TQVM-58,Direct,Level,1.0,0.0,53.0,30,6.24,148.77,1.0,509.0,,,,7.0,4.0,2.0,,
AWIL-21,CTM,Level,1.0,1.0,40.0,30,11.65,258.95,1.0,,,,,,,,,
DDYR-58,CTM,Decreasing accelerated,1.0,0.0,46.0,20,19.85,488.84,1.0,537.0,3.0,,6.0,19.0,7.0,6.0,0.0,
KEMS-87,Direct,Decreasing accelerated,0.0,1.0,47.0,20,25.24,582.69,1.0,579.0,3.0,21.0,3.0,10.0,5.0,4.0,0.0,
ZFJE-44,Direct,Decreasing with CI,0.0,0.0,47.0,5,18.14,409.39,1.0,554.0,1.0,,5.0,18.0,6.0,9.0,0.0,
XLIA-43,Direct,Decreasing with CI,0.0,1.0,36.0,25,13.96,365.64,1.0,561.0,7.0,15.0,8.0,11.0,4.0,2.0,0.0,
PZPX-32,Direct,Level with CI,0.0,1.0,44.0,30,34.02,624.29,1.0,562.0,2.0,109.0,10.0,14.0,5.0,8.0,0.0,
QOMH-82,Direct,Decreasing with CI,1.0,0.0,51.0,20,34.09,796.46,1.0,,,,,,,,,
BXJI-97,MSM,Level,0.0,0.0,40.0,5,16.03,373.18,1.0,,,,,,,,,
LQWS-76,Direct,Level with CI,0.0,0.0,53.0,25,13.59,168.61,1.0,,,,,,,,,
MDKO-90,CTM,Level,1.0,0.0,41.0,5,99.2,1616.24,1.0,,,,,,,,,
QXFZ-35,MSM,Level with CI,1.0,0.0,37.0,30,10.0,263.19,1.0,528.0,8.0,21.0,5.0,24.0,7.0,9.0,0.0,
RYXV-51,MSM,Level,1.0,1.0,36.0,20,10.35,281.27,1.0,556.0,1.0,10.0,12.0,13.0,7.0,8.0,0.0,
HZQH-29,CTM,Level,1.0,0.0,43.0,20,15.05,341.54,1.0,554.0,1.0,,5.0,18.0,6.0,9.0,0.0,
FDII-62,CTM,Decreasing,1.0,1.0,33.0,20,15.32,337.93,1.0,,,,,,,,,
NMGA-20,Direct,Decreasing accelerated,1.0,0.0,54.0,5,9.79,238.41,1.0,530.0,6.0,,11.0,21.0,7.0,5.0,0.0,
OPOV-61,MSM,Level,1.0,1.0,56.0,25,18.54,471.17,1.0,,,,,,,,,
TMEI-13,CTM,Decreasing,0.0,0.0,47.0,20,19.99,435.61,1.0,554.0,3.0,,4.0,15.0,4.0,6.0,0.0,
ZZCD-62,Direct,Level,1.0,0.0,48.0,20,41.35,1150.92,1.0,587.0,2.0,24.0,4.0,6.0,3.0,5.0,0.0,
XYCN-33,CTM,Level,0.0,1.0,58.0,20,25.21,777.89,1.0,542.0,3.0,,15.0,21.0,3.0,3.0,0.0,
DUBM-79,MSM,Level,1.0,0.0,51.0,30,16.96,397.5,1.0,,,,,,,,,
FWPX-43,MSM,Decreasing with CI,1.0,1.0,42.0,20,11.05,228.57,1.0,558.0,2.0,,6.0,14.0,4.0,2.0,0.0,
DYJO-29,CTM,Level,0.0,1.0,31.0,20,29.4,887.58,1.0,556.0,0.0,18.0,7.0,12.0,5.0,6.0,0.0,
NVKL-47,CTM,Level,1.0,0.0,46.0,5,24.9,474.31,1.0,546.0,1.0,60.0,16.0,13.0,5.0,8.0,0.0,
FJQW-61,CTM,Level,0.0,1.0,51.0,5,9.99,227.76,1.0,555.0,0.0,24.0,1.0,7.0,4.0,4.0,0.0,
MVPZ-40,CTM,Decreasing with CI,1.0,0.0,56.0,30,14.74,355.91,1.0,549.0,1.0,,6.0,19.0,6.0,10.0,0.0,
YBJY-54,Direct,Decreasing with CI,0.0,1.0,38.0,20,14.45,334.98,1.0,572.0,3.0,16.0,4.0,15.0,5.0,6.0,0.0,
VPKF-90,CTM,Level with CI,1.0,1.0,48.0,20,41.35,1150.92,1.0,587.0,2.0,24.0,4.0,6.0,3.0,5.0,0.0,
HBAC-42,CTM,Decreasing,1.0,0.0,24.0,30,6.44,165.09,1.0,538.0,7.0,21.0,7.0,19.0,7.0,10.0,0.0,
WCZZ-85,CTM,Decreasing accelerated,1.0,0.0,25.0,35,16.48,380.11,1.0,558.0,1.0,85.0,1.0,12.0,7.0,6.0,0.0,
GCNO-56,CTM,Decreasing,1.0,0.0,44.0,30,10.32,222.55,1.0,554.0,0.0,,1.0,10.0,8.0,3.0,0.0,
UGCG-15,CTM,Level,0.0,0.0,42.0,20,74.77,1814.05,1.0,578.0,2.0,21.0,7.0,2.0,2.0,1.0,0.0,
WHAI-58,Direct,Decreasing with CI,1.0,1.0,37.0,20,25.24,582.69,1.0,579.0,3.0,21.0,3.0,10.0,5.0,4.0,0.0,
HRQX-74,Direct,Level,1.0,1.0,47.0,20,34.88,372.4,1.0,575.0,8.0,15.0,5.0,5.0,3.0,6.0,0.0,
ZMVW-65,CTM,Decreasing with CI,1.0,0.0,38.0,20,20.81,475.14,1.0,556.0,1.0,12.0,8.0,9.0,4.0,6.0,0.0,
NCCH-53,Direct,Level with CI,0.0,0.0,32.0,20,25.1,749.3,1.0,556.0,0.0,18.0,7.0,12.0,5.0,6.0,0.0,
YGKM-48,CTM,Level,0.0,0.0,35.0,20,35.61,890.54,1.0,575.0,2.0,,3.0,11.0,5.0,2.0,0.0,
TYJC-48,CTM,Level with CI,1.0,0.0,44.0,20,44.51,900.48,1.0,,,,,,,,,
BKOA-15,MSM,Decreasing,1.0,0.0,49.0,30,29.33,791.79,1.0,,,,,,,,,
LAMS-44,CTM,Level accelerated,1.0,0.0,38.0,30,9.41,230.85,1.0,542.0,3.0,,15.0,21.0,3.0,3.0,0.0,
SJCR-64,MSM,Level accelerated,0.0,0.0,55.0,20,38.2,173.83,1.0,567.0,4.0,20.0,12.0,15.0,6.0,5.0,0.0,
PNFG-58,Direct,Level,1.0,0.0,48.0,30,14.74,355.91,1.0,549.0,1.0,,6.0,19.0,6.0,10.0,0.0,
NLJX-53,CTM,Decreasing with CI,0.0,1.0,48.0,5,43.56,689.69,1.0,526.0,0.0,,27.0,24.0,7.0,10.0,0.0,
RVBR-87,CTM,Decreasing with CI,1.0,1.0,39.0,20,12.03,413.13,1.0,588.0,5.0,65.0,4.0,6.0,2.0,2.0,0.0,
DIPP-66,CTM,Level,1.0,0.0,54.0,30,26.17,503.48,1.0,546.0,1.0,60.0,16.0,13.0,5.0,8.0,0.0,
KZPF-41,CTM,Level with CI,1.0,0.0,47.0,30,25.11,473.53,1.0,,,,,,,,,
ZUDW-94,Direct,Level,1.0,0.0,57.0,30,6.53,217.46,1.0,553.0,3.0,,23.0,13.0,5.0,6.0,0.0,
UMKI-50,CTM,Decreasing,1.0,0.0,45.0,20,23.64,629.88,1.0,537.0,1.0,28.0,3.0,17.0,6.0,3.0,0.0,
RKGC-93,CTM,Decreasing with CI,1.0,1.0,46.0,5,15.7,374.03,1.0,553.0,0.0,40.0,21.0,9.0,4.0,6.0,0.0,
TTRE-54,CTM,Level with CI,1.0,1.0,51.0,30,47.25,818.55,1.0,537.0,0.0,,13.0,23.0,7.0,10.0,0.0,
HWEW-16,CTM,Decreasing with CI,0.0,0.0,33.0,5,23.9,530.02,1.0,568.0,9.0,26.0,19.0,13.0,4.0,10.0,0.0,
AUQG-85,CTM,Level with CI,1.0,1.0,45.0,5,8.0,156.23,1.0,558.0,2.0,,6.0,14.0,4.0,2.0,0.0,
NLMW-48,CTM,Decreasing,0.0,1.0,42.0,20,38.2,173.83,1.0,567.0,4.0,20.0,12.0,15.0,6.0,5.0,0.0,
FDDG-23,MSM,Decreasing with CI,1.0,0.0,32.0,10,19.37,524.73,1.0,533.0,3.0,24.0,13.0,10.0,7.0,6.0,0.0,
EYDD-81,CTM,Decreasing with CI,1.0,0.0,53.0,30,33.53,702.3,1.0,564.0,1.0,,8.0,14.0,4.0,5.0,0.0,
AZJM-26,CTM,Decreasing with CI,1.0,1.0,45.0,30,55.53,1120.97,1.0,,,,,,,,,
ZXWD-63,MSM,Level,1.0,0.0,40.0,30,23.64,629.88,1.0,537.0,1.0,28.0,3.0,17.0,6.0,3.0,0.0,
WOXM-45,CTM,Decreasing with CI,0.0,1.0,51.0,20,15.31,354.2,1.0,558.0,1.0,85.0,1.0,12.0,7.0,6.0,0.0,
COEG-64,Direct,Level accelerated,1.0,1.0,49.0,20,34.09,796.46,1.0,,,,,,,,,
NNGQ-49,Direct,Decreasing,1.0,0.0,46.0,20,12.46,285.42,1.0,547.0,0.0,37.0,6.0,22.0,7.0,10.0,0.0,
GFZI-43,CTM,Level,0.0,0.0,45.0,30,13.81,366.16,1.0,568.0,5.0,31.0,6.0,13.0,3.0,1.0,0.0,
TNVH-99,MSM,Level,1.0,0.0,52.0,30,11.59,348.07,1.0,570.0,3.0,,0.0,11.0,8.0,3.0,0.0,
XGVI-73,CTM,Level,1.0,0.0,46.0,20,17.81,396.19,1.0,,,,,,,,,
GBTX-87,CTM,Level with CI,1.0,1.0,45.0,20,26.4,663.36,1.0,516.0,3.0,,9.0,11.0,4.0,5.0,1.0,46.0
RWYK-45,CTM,Level with CI,1.0,1.0,40.0,30,142.69,3415.32,1.0,556.0,3.0,,14.0,7.0,6.0,7.0,0.0,
GUCY-56,CTM,Level,1.0,0.0,45.0,20,10.86,316.93,1.0,583.0,0.0,10.0,3.0,8.0,4.0,7.0,0.0,
CXEO-66,CTM,Decreasing,0.0,1.0,45.0,30,43.56,689.69,1.0,526.0,0.0,,27.0,24.0,7.0,10.0,0.0,
QBRV-99,CTM,Level with CI,1.0,0.0,52.0,30,16.1,439.61,1.0,564.0,3.0,61.0,22.0,11.0,3.0,10.0,0.0,
GTPR-56,CTM,Level,1.0,0.0,36.0,30,10.52,238.41,1.0,,,,,,,,,
QBNQ-76,CTM,Decreasing with CI,1.0,0.0,49.0,30,23.83,612.02,1.0,,,,,,,,,
XYRN-39,Direct,Level,1.0,0.0,54.0,30,31.43,664.18,1.0,558.0,8.0,,27.0,10.0,5.0,5.0,0.0,
JLEB-25,Direct,Level,0.0,0.0,45.0,20,15.88,348.52,1.0,441.0,4.0,72.0,2.0,22.0,7.0,6.0,2.0,6.0
FYFR-75,Direct,Level,1.0,0.0,34.0,5,34.88,372.4,1.0,575.0,8.0,15.0,5.0,5.0,3.0,6.0,0.0,
CWKR-66,MSM,Level,1.0,1.0,44.0,30,10.85,238.17,1.0,556.0,1.0,12.0,8.0,9.0,4.0,6.0,0.0,
NSOV-71,CTM,Decreasing,1.0,1.0,44.0,25,12.78,340.01,1.0,568.0,5.0,31.0,6.0,13.0,3.0,1.0,0.0,
QRXO-91,CTM,Level,1.0,0.0,58.0,5,18.67,448.0,1.0,,,,,,,,,
RNCE-64,Direct,Decreasing accelerated,1.0,0.0,48.0,20,54.53,1140.71,1.0,544.0,0.0,23.0,4.0,,7.0,,0.0,
YEBO-64,CTM,Decreasing,0.0,1.0,35.0,20,27.01,578.02,1.0,568.0,5.0,31.0,6.0,13.0,3.0,1.0,0.0,
MNPX-35,MSM,Level,1.0,0.0,53.0,20,41.07,1061.78,1.0,577.0,4.0,12.0,4.0,1.0,1.0,1.0,0.0,
CZEM-74,Direct,Decreasing,0.0,1.0,41.0,35,26.4,663.36,1.0,516.0,3.0,,9.0,11.0,4.0,5.0,1.0,46.0
KLAR-73,MSM,Decreasing with CI,0.0,0.0,20.0,20,25.0,544.65,1.0,554.0,3.0,,4.0,15.0,4.0,6.0,0.0,
LBGM-45,CTM,Decreasing with CI,1.0,0.0,47.0,20,15.04,337.84,1.0,556.0,1.0,12.0,8.0,9.0,4.0,6.0,0.0,
ZWMV-58,MSM,Level with CI,1.0,0.0,48.0,10,61.41,1208.38,1.0,556.0,3.0,,14.0,7.0,6.0,7.0,0.0,
WVCS-53,MSM,Decreasing with CI,0.0,0.0,49.0,30,30.35,619.91,1.0,558.0,1.0,85.0,1.0,12.0,7.0,6.0,0.0,
RJFP-38,Direct,Decreasing accelerated,0.0,0.0,41.0,30,31.76,876.81,1.0,580.0,1.0,60.0,3.0,9.0,3.0,1.0,0.0,
FEXW-99,Direct,Level accelerated,0.0,0.0,54.0,20,13.48,308.06,1.0,,,,,,,,,
JXXE-97,MSM,Level with CI,1.0,0.0,46.0,15,10.32,222.55,1.0,554.0,0.0,,1.0,10.0,8.0,3.0,0.0,
SCOY-75,CTM,Level,1.0,0.0,49.0,30,16.42,461.16,1.0,568.0,1.0,10.0,5.0,20.0,5.0,5.0,0.0,
TMBY-47,CTM,Level,0.0,0.0,29.0,5,25.1,749.3,1.0,556.0,0.0,19.0,7.0,12.0,5.0,6.0,0.0,
AWDT-53,Direct,Level,1.0,1.0,32.0,20,5.54,146.88,1.0,559.0,4.0,,4.0,6.0,2.0,5.0,0.0,
DOUU-20,MSM,Level,1.0,1.0,32.0,10,4.62,122.52,1.0,553.0,0.0,265.0,2.0,23.0,7.0,10.0,0.0,
RTPB-98,Direct,Level,1.0,0.0,34.0,20,17.3,405.08,1.0,558.0,3.0,,8.0,9.0,4.0,4.0,0.0,
JLRF-67,Direct,Level with CI,1.0,0.0,45.0,30,22.43,548.66,1.0,537.0,3.0,,6.0,19.0,7.0,6.0,0.0,
BVGP-89,MSM,Decreasing with CI,0.0,0.0,32.0,30,46.11,1132.71,1.0,549.0,1.0,36.0,4.0,18.0,6.0,8.0,0.0,
RTMA-72,Direct,Decreasing with CI,0.0,0.0,54.0,20,10.0,261.1,1.0,575.0,0.0,49.0,1.0,9.0,5.0,7.0,0.0,
VXCC-17,Direct,Level,0.0,0.0,39.0,10,20.81,475.14,1.0,556.0,1.0,12.0,8.0,9.0,4.0,6.0,0.0,
MVMD-28,Direct,Level,1.0,0.0,63.0,20,9.0,266.46,1.0,569.0,2.0,,11.0,13.0,4.0,9.0,0.0,
RYWV-78,CTM,Level,1.0,1.0,59.0,40,4.62,122.52,1.0,553.0,0.0,265.0,2.0,23.0,7.0,10.0,0.0,
MNGA-68,CTM,Level with CI,0.0,0.0,36.0,30,15.05,310.92,1.0,531.0,2.0,,9.0,18.0,7.0,8.0,0.0,
QXEE-78,CTM,Decreasing accelerated,1.0,0.0,43.0,10,25.63,644.65,1.0,544.0,1.0,,55.0,9.0,6.0,8.0,0.0,
GHZW-12,CTM,Level,1.0,1.0,38.0,30,35.61,890.54,1.0,575.0,2.0,,3.0,11.0,5.0,2.0,0.0,
EOBO-95,MSM,Level,1.0,0.0,41.0,10,22.5,490.14,1.0,554.0,3.0,,4.0,15.0,4.0,6.0,0.0,
EAET-86,Direct,Level,0.0,0.0,43.0,10,35.61,890.54,1.0,575.0,2.0,,3.0,11.0,5.0,2.0,0.0,
KKKH-32,Direct,Level,1.0,0.0,44.0,15,25.1,749.3,1.0,556.0,0.0,19.0,7.0,12.0,5.0,6.0,0.0,
XBMG-85,MSM,Level,1.0,1.0,44.0,20,5.8,63.1,1.0,483.0,4.0,,3.0,21.0,7.0,7.0,1.0,14.0
BOYS-50,CTM,Level with CI,1.0,0.0,50.0,15,23.41,554.49,1.0,,,,,,,,,
FTRK-82,Direct,Decreasing accelerated,1.0,0.0,47.0,15,37.98,858.26,1.0,547.0,0.0,37.0,6.0,22.0,7.0,10.0,0.0,
VNUI-42,MSM,Level,1.0,0.0,46.0,25,8.68,190.41,1.0,561.0,0.0,109.0,12.0,11.0,4.0,9.0,0.0,
AYYO-81,Direct,Decreasing,1.0,0.0,57.0,30,76.31,1124.85,1.0,562.0,0.0,,13.0,14.0,4.0,2.0,0.0,
AHRZ-65,CTM,Decreasing accelerated,1.0,0.0,33.0,20,50.64,1142.77,1.0,547.0,0.0,37.0,6.0,22.0,7.0,10.0,0.0,
EMJQ-75,CTM,Decreasing accelerated,1.0,1.0,45.0,20,19.45,465.1,1.0,,,,,,,,,
AQAK-73,MSM,Level,0.0,0.0,27.0,5,19.45,465.1,1.0,,,,,,,,,
YXRU-91,Direct,Level,0.0,0.0,51.0,30,31.41,641.9,1.0,558.0,1.0,85.0,1.0,12.0,7.0,6.0,0.0,
GJMC-25,Direct,Decreasing accelerated,0.0,1.0,26.0,30,8.1,232.37,1.0,555.0,3.0,,4.0,18.0,5.0,5.0,0.0,
FWAW-82,CTM,Decreasing accelerated,1.0,0.0,40.0,30,6.53,217.46,1.0,553.0,3.0,,23.0,13.0,5.0,6.0,0.0,
GJQK-92,CTM,Level with CI,1.0,1.0,51.0,35,28.5,506.08,1.0,514.0,4.0,16.0,14.0,23.0,7.0,10.0,0.0,
ADXK-47,CTM,Level with CI,0.0,0.0,36.0,10,5.54,146.88,1.0,559.0,4.0,,4.0,6.0,2.0,5.0,0.0,
FDJS-10,CTM,Level accelerated,1.0,0.0,46.0,10,15.05,310.92,1.0,531.0,2.0,,9.0,18.0,7.0,8.0,0.0,
IRFK-82,MSM,Decreasing accelerated,0.0,0.0,51.0,20,41.07,1061.78,1.0,577.0,4.0,12.0,4.0,1.0,1.0,1.0,0.0,
XCET-52,CTM,Level,1.0,0.0,37.0,20,47.48,1597.13,1.0,579.0,3.0,109.0,6.0,14.0,6.0,3.0,0.0,
YDQD-59,CTM,Level,1.0,0.0,45.0,20,32.9,762.4,1.0,480.0,1.0,7.0,4.0,18.0,6.0,8.0,2.0,12.0
UDZZ-53,CTM,Level accelerated,1.0,0.0,58.0,20,22.5,490.14,1.0,554.0,3.0,,4.0,15.0,4.0,6.0,0.0,
SVVJ-74,MSM,Decreasing with CI,1.0,1.0,38.0,30,64.32,1448.37,1.0,573.0,3.0,85.0,5.0,8.0,3.0,4.0,0.0,
IEXT-16,Direct,Decreasing,1.0,1.0,41.0,10,15.88,348.52,1.0,441.0,4.0,72.0,2.0,22.0,7.0,6.0,2.0,6.0
IEYS-36,CTM,Level with CI,1.0,0.0,35.0,20,8.89,295.81,1.0,553.0,3.0,,23.0,13.0,5.0,6.0,0.0,
NDBN-24,MSM,Decreasing with CI,0.0,0.0,21.0,15,13.62,302.01,1.0,542.0,1.0,,8.0,22.0,6.0,7.0,0.0,
BSBM-98,CTM,Decreasing with CI,0.0,0.0,38.0,10,55.53,1120.97,1.0,,,,,,,,,
EXXZ-68,Direct,Decreasing accelerated,1.0,1.0,34.0,20,28.02,663.55,1.0,,,,,,,,,
MHJI-34,CTM,Decreasing with CI,0.0,1.0,36.0,20,11.18,255.86,1.0,,,,,,,,,
WPWA-16,CTM,Decreasing,0.0,0.0,44.0,20,36.29,1046.99,1.0,546.0,0.0,,4.0,15.0,6.0,3.0,0.0,
HGVI-58,CTM,Level,0.0,0.0,45.0,20,9.99,227.76,1.0,555.0,0.0,24.0,1.0,7.0,4.0,4.0,0.0,
ACNQ-94,MSM,Level,1.0,0.0,57.0,5,17.81,396.19,1.0,,,,,,,,,
QLRR-68,MSM,Decreasing accelerated,1.0,1.0,32.0,30,39.33,956.29,1.0,527.0,1.0,,7.0,20.0,8.0,9.0,0.0,
WONH-72,CTM,Level accelerated,1.0,1.0,52.0,20,24.69,595.97,1.0,542.0,5.0,,6.0,10.0,6.0,7.0,0.0,
EXOK-80,CTM,Level with CI,1.0,0.0,36.0,20,8.22,160.45,1.0,558.0,2.0,,6.0,14.0,4.0,2.0,0.0,
SVDY-24,CTM,Level with CI,0.0,1.0,45.0,10,30.95,777.43,1.0,516.0,3.0,,9.0,11.0,4.0,5.0,1.0,46.0
TFXY-84,CTM,Level,0.0,0.0,56.0,35,55.4,954.51,1.0,537.0,0.0,,13.0,23.0,7.0,10.0,0.0,
UARG-89,CTM,Level with CI,1.0,1.0,33.0,30,6.04,83.74,1.0,580.0,3.0,,0.0,11.0,5.0,8.0,0.0,
XHNU-68,CTM,Decreasing with CI,0.0,1.0,48.0,30,99.62,2002.95,1.0,,,,,,,,,
ZGTA-22,Direct,Level,0.0,0.0,44.0,20,31.76,876.81,1.0,580.0,1.0,60.0,3.0,9.0,3.0,1.0,0.0,
AFMU-13,CTM,Level,1.0,0.0,44.0,10,11.86,288.6,1.0,555.0,6.0,,15.0,15.0,5.0,4.0,0.0,
TVDU-76,Direct,Level with CI,1.0,0.0,25.0,30,17.65,430.31,1.0,581.0,4.0,49.0,5.0,13.0,4.0,2.0,0.0,
YOEM-62,CTM,Decreasing with CI,1.0,1.0,39.0,10,38.2,173.83,1.0,567.0,4.0,20.0,12.0,15.0,6.0,5.0,0.0,
WRTK-83,Direct,Decreasing with CI,1.0,0.0,53.0,25,19.98,420.74,1.0,571.0,10.0,21.0,8.0,9.0,4.0,7.0,0.0,
BUIO-55,CTM,Decreasing with CI,1.0,1.0,49.0,30,66.92,1644.52,1.0,578.0,2.0,21.0,7.0,2.0,2.0,1.0,0.0,
FBXS-20,Direct,Level accelerated,0.0,1.0,43.0,10,77.95,2496.71,1.0,588.0,5.0,65.0,4.0,6.0,2.0,2.0,0.0,
OVUT-29,CTM,Level,0.0,0.0,39.0,5,17.34,506.12,1.0,583.0,0.0,10.0,3.0,8.0,4.0,7.0,0.0,
ARMY-45,Direct,Decreasing with CI,1.0,0.0,55.0,10,6.44,165.09,1.0,538.0,7.0,20.0,7.0,19.0,7.0,10.0,0.0,
DXUE-62,CTM,Level,1.0,1.0,53.0,20,16.08,388.9,1.0,542.0,5.0,,6.0,10.0,6.0,7.0,0.0,
HWOK-15,Direct,Level,0.0,0.0,32.0,5,8.09,168.64,1.0,522.0,4.0,,4.0,14.0,8.0,7.0,0.0,
OZJP-78,MSM,Level,1.0,0.0,52.0,20,5.8,129.24,1.0,533.0,3.0,,7.0,13.0,7.0,6.0,0.0,
EXDW-26,CTM,Level with CI,0.0,0.0,47.0,20,7.01,107.95,1.0,538.0,7.0,20.0,7.0,19.0,7.0,10.0,0.0,
VOMP-12,CTM,Decreasing,1.0,0.0,42.0,20,10.09,230.01,1.0,555.0,0.0,24.0,1.0,7.0,4.0,4.0,0.0,
PGAG-51,CTM,Level,1.0,0.0,40.0,5,17.34,506.12,1.0,583.0,0.0,10.0,3.0,8.0,4.0,7.0,0.0,
TRIJ-81,CTM,Decreasing with CI,1.0,1.0,47.0,20,22.5,490.14,1.0,554.0,3.0,,4.0,15.0,4.0,6.0,0.0,
YCYI-49,Direct,Level with CI,1.0,0.0,34.0,10,28.26,763.19,1.0,,,,,,,,,
QRQZ-49,CTM,Level,1.0,1.0,35.0,30,32.12,779.3,1.0,527.0,1.0,,7.0,20.0,8.0,9.0,0.0,
LTAT-86,CTM,Decreasing,0.0,1.0,41.0,20,6.24,148.77,1.0,509.0,,,,7.0,4.0,2.0,,
USNG-34,CTM,Level,1.0,0.0,46.0,30,25.11,473.53,1.0,,,,,,,,,
SPMZ-92,Direct,Level,1.0,0.0,47.0,20,7.0,214.47,1.0,574.0,4.0,,11.0,12.0,4.0,4.0,0.0,
XBZJ-17,Direct,Level,1.0,1.0,40.0,20,6.64,158.17,1.0,575.0,5.0,,5.0,16.0,5.0,4.0,0.0,
UYEB-38,CTM,Level,0.0,0.0,56.0,30,34.23,998.37,1.0,589.0,1.0,205.0,3.0,7.0,5.0,1.0,0.0,
WWKZ-86,Direct,Level with CI,0.0,0.0,51.0,40,8.22,204.79,1.0,553.0,3.0,,23.0,13.0,5.0,6.0,0.0,
RBGR-58,CTM,Level with CI,1.0,1.0,51.0,10,18.03,592.59,1.0,589.0,1.0,205.0,3.0,7.0,5.0,1.0,0.0,
HCOI-77,CTM,Level,0.0,0.0,40.0,30,9.0,266.46,1.0,569.0,2.0,,11.0,13.0,4.0,9.0,0.0,
LXWO-29,Direct,Level with CI,0.0,0.0,57.0,20,26.9,602.49,1.0,558.0,8.0,,27.0,10.0,5.0,5.0,0.0,
GURC-47,CTM,Level with CI,1.0,1.0,44.0,10,45.87,1039.75,1.0,558.0,8.0,,27.0,10.0,5.0,5.0,0.0,
GSBF-84,CTM,Level with CI,0.0,0.0,34.0,20,55.53,1120.97,1.0,,,,,,,,,
FPHJ-39,MSM,Decreasing,1.0,0.0,30.0,10,18.07,446.72,1.0,556.0,1.0,12.0,8.0,9.0,4.0,6.0,0.0,
DDZD-71,CTM,Decreasing with CI,1.0,1.0,46.0,5,14.15,337.31,1.0,,,,,,,,,
IVRK-14,Direct,Decreasing,1.0,0.0,46.0,5,18.43,471.42,1.0,,,,,,,,,
TDOK-78,MSM,Decreasing accelerated,1.0,0.0,62.0,30,23.83,612.02,1.0,558.0,2.0,,0.0,5.0,8.0,5.0,0.0,
OEDV-88,CTM,Decreasing with CI,1.0,0.0,45.0,20,26.34,625.61,1.0,,,,,,,,,
NOVJ-68,MSM,Decreasing,1.0,1.0,48.0,20,6.64,158.17,1.0,575.0,5.0,,5.0,16.0,5.0,4.0,0.0,
FBCF-31,CTM,Level,0.0,0.0,43.0,20,6.41,140.57,1.0,561.0,0.0,109.0,12.0,11.0,4.0,9.0,0.0,
GRPA-49,Direct,Level accelerated,0.0,0.0,49.0,20,41.35,1150.92,1.0,587.0,2.0,24.0,4.0,6.0,3.0,5.0,0.0,
ATTZ-72,CTM,Level,0.0,0.0,41.0,5,24.41,628.34,1.0,,,,,,,,,
OBRR-79,MSM,Level with CI,0.0,1.0,29.0,20,13.36,306.14,1.0,558.0,0.0,85.0,1.0,12.0,7.0,6.0,0.0,
FOHS-37,CTM,Level accelerated,0.0,1.0,41.0,30,41.35,1150.92,1.0,587.0,2.0,24.0,4.0,6.0,3.0,5.0,0.0,
QBJG-43,MSM,Level,1.0,0.0,38.0,30,31.43,664.18,1.0,558.0,8.0,,27.0,10.0,5.0,5.0,0.0,
FIAV-31,Direct,Decreasing with CI,0.0,0.0,32.0,5,22.52,419.95,1.0,,,,,,,,,
NWNI-79,Direct,Decreasing,0.0,0.0,46.0,20,24.18,746.09,1.0,549.0,2.0,6.0,9.0,10.0,6.0,5.0,0.0,
ULWB-46,Direct,Level,0.0,0.0,43.0,20,55.25,1353.45,1.0,549.0,1.0,36.0,4.0,18.0,6.0,8.0,0.0,
BBVG-76,Direct,Decreasing with CI,1.0,0.0,39.0,10,29.75,737.77,1.0,544.0,1.0,,55.0,9.0,6.0,8.0,0.0,
AHWX-34,MSM,Level,1.0,0.0,51.0,15,20.81,475.14,1.0,556.0,1.0,12.0,8.0,9.0,4.0,6.0,0.0,
ATQW-23,CTM,Level accelerated,1.0,0.0,50.0,35,41.0,820.73,1.0,571.0,2.0,,0.0,,,,0.0,
EJLR-13,MSM,Level with CI,1.0,1.0,33.0,10,13.96,365.64,1.0,561.0,7.0,15.0,8.0,11.0,4.0,2.0,0.0,
CYZX-42,Direct,Level with CI,0.0,0.0,46.0,20,24.69,595.97,1.0,542.0,5.0,,6.0,10.0,6.0,7.0,0.0,
ZAUD-21,MSM,Decreasing,1.0,1.0,45.0,10,51.58,1131.9,1.0,581.0,1.0,21.0,3.0,9.0,1.0,5.0,0.0,
IWNN-91,MSM,Level with CI,1.0,0.0,46.0,30,23.6,541.06,1.0,568.0,3.0,,4.0,10.0,4.0,8.0,0.0,
UOCG-28,MSM,Level with CI,0.0,1.0,40.0,20,17.65,430.31,1.0,581.0,4.0,49.0,5.0,13.0,4.0,2.0,0.0,
FGOH-70,CTM,Level with CI,0.0,1.0,52.0,10,30.04,687.95,1.0,,,,,,,,,
MEUV-29,Direct,Level,1.0,1.0,49.0,15,58.74,1622.3,1.0,561.0,4.0,,3.0,,5.0,,0.0,
MERH-13,Direct,Decreasing,0.0,1.0,39.0,5,13.87,382.03,1.0,,,,,,,,,
JFXL-38,CTM,Decreasing with CI,0.0,0.0,51.0,5,76.31,1124.85,1.0,562.0,0.0,,13.0,14.0,4.0,2.0,0.0,
ILIH-13,Direct,Decreasing with CI,1.0,1.0,35.0,20,10.57,207.03,1.0,,,,,,,,,
ACSJ-25,CTM,Decreasing accelerated,0.0,0.0,47.0,5,66.92,1644.52,1.0,578.0,2.0,21.0,7.0,2.0,2.0,1.0,0.0,
PRXN-17,CTM,Level,1.0,1.0,51.0,30,25.63,644.65,1.0,544.0,1.0,,55.0,9.0,6.0,8.0,0.0,
RGEF-30,MSM,Decreasing,1.0,1.0,46.0,10,40.0,1003.78,1.0,549.0,1.0,36.0,4.0,18.0,6.0,8.0,0.0,
KRZV-60,MSM,Level,0.0,1.0,46.0,20,20.03,599.87,1.0,,,,,,,,,
SVQS-71,CTM,Level accelerated,1.0,1.0,54.0,30,8.21,181.27,1.0,,,,,,,,,
PUWE-30,MSM,Decreasing with CI,0.0,0.0,32.0,10,61.54,1917.22,1.0,,,,,,,,,
VZZI-32,CTM,Level with CI,1.0,0.0,46.0,10,8.8,131.02,1.0,562.0,1.0,97.0,8.0,13.0,5.0,6.0,0.0,
JKYH-73,Direct,Level,1.0,0.0,59.0,20,38.84,795.14,1.0,546.0,1.0,60.0,16.0,13.0,5.0,8.0,0.0,
UCDW-29,Direct,Decreasing,0.0,0.0,45.0,30,8.22,160.45,1.0,558.0,2.0,,6.0,14.0,4.0,2.0,0.0,
DSTH-15,MSM,Level with CI,1.0,0.0,54.0,20,25.1,749.3,1.0,556.0,0.0,18.0,7.0,12.0,5.0,6.0,0.0,
ZCZK-59,Direct,Decreasing with CI,1.0,0.0,42.0,20,9.99,227.76,1.0,555.0,0.0,24.0,1.0,7.0,4.0,4.0,0.0,
LQXY-61,CTM,Decreasing,1.0,0.0,42.0,20,9.61,213.98,1.0,,,,,,,,,
OYHR-94,CTM,Level accelerated,1.0,0.0,39.0,20,43.1,1165.86,1.0,561.0,4.0,,3.0,,5.0,,0.0,
CLUU-45,CTM,Level,1.0,0.0,47.0,15,34.46,935.38,1.0,,,,,,,,,
FIEB-94,MSM,Level with CI,0.0,1.0,39.0,20,34.02,624.29,1.0,562.0,2.0,109.0,10.0,14.0,5.0,8.0,0.0,
UQGG-76,CTM,Decreasing with CI,0.0,0.0,20.0,20,25.11,473.53,1.0,,,,,,,,,
XKOX-15,CTM,Decreasing with CI,1.0,0.0,50.0,30,10.57,300.16,1.0,575.0,0.0,49.0,1.0,9.0,5.0,7.0,0.0,
GARE-12,CTM,Decreasing with CI,0.0,0.0,46.0,5,23.83,612.02,1.0,558.0,2.0,,0.0,5.0,8.0,5.0,0.0,
NQQJ-67,CTM,Level,0.0,0.0,39.0,10,36.3,816.26,1.0,558.0,8.0,,27.0,10.0,5.0,5.0,0.0,
JNGP-14,CTM,Decreasing with CI,1.0,1.0,44.0,20,24.1,502.64,1.0,581.0,4.0,48.0,6.0,13.0,4.0,2.0,0.0,
NMZV-43,Direct,Decreasing,1.0,0.0,34.0,10,15.94,456.95,1.0,542.0,3.0,,15.0,21.0,3.0,3.0,0.0,
DSBH-36,CTM,Level,1.0,0.0,57.0,40,15.32,337.93,1.0,,,,,,,,,
BPIY-95,CTM,Decreasing,0.0,1.0,43.0,20,17.61,502.96,1.0,568.0,1.0,10.0,5.0,20.0,5.0,5.0,0.0,
YTAO-77,Direct,Decreasing,1.0,0.0,45.0,20,23.9,530.02,1.0,568.0,9.0,26.0,19.0,13.0,4.0,10.0,0.0,
MIHM-30,CTM,Decreasing,0.0,1.0,47.0,5,31.41,641.9,1.0,558.0,1.0,85.0,1.0,12.0,7.0,6.0,0.0,
BKMA-59,CTM,Level with CI,1.0,0.0,46.0,20,6.41,140.57,1.0,561.0,0.0,109.0,12.0,11.0,4.0,9.0,0.0,
IPKG-98,CTM,Level,0.0,0.0,42.0,20,21.16,482.81,1.0,568.0,3.0,,4.0,10.0,4.0,8.0,0.0,
GULN-40,Direct,Level with CI,1.0,0.0,50.0,20,22.96,526.1,1.0,571.0,10.0,21.0,8.0,9.0,4.0,7.0,0.0,
OGKZ-71,CTM,Level with CI,0.0,0.0,31.0,30,26.22,618.13,1.0,,,,,,,,,
GSGR-14,CTM,Decreasing with CI,0.0,0.0,50.0,10,23.9,530.02,1.0,568.0,9.0,26.0,19.0,13.0,4.0,10.0,0.0,
UJEA-39,Direct,Level with CI,0.0,0.0,52.0,30,24.1,502.64,1.0,581.0,4.0,48.0,6.0,13.0,4.0,2.0,0.0,
CKMC-98,CTM,Level,1.0,1.0,54.0,20,25.21,599.91,1.0,,,,,,,,,
LSHU-95,MSM,Level with CI,0.0,0.0,45.0,40,36.32,801.72,1.0,581.0,1.0,21.0,3.0,9.0,1.0,5.0,0.0,
JORX-20,MSM,Level with CI,0.0,0.0,43.0,10,102.51,2324.43,1.0,556.0,3.0,,14.0,7.0,6.0,7.0,0.0,
DUTY-10,CTM,Level with CI,1.0,0.0,44.0,15,10.88,239.61,1.0,,,,,,,,,
QUYI-83,CTM,Level,0.0,1.0,44.0,20,24.1,502.64,1.0,581.0,4.0,48.0,6.0,13.0,4.0,2.0,0.0,
THCT-14,MSM,Level accelerated,0.0,0.0,37.0,15,10.49,223.77,1.0,575.0,2.0,21.0,11.0,17.0,4.0,2.0,0.0,
TNGN-82,CTM,Level,0.0,1.0,49.0,10,36.32,801.72,1.0,581.0,1.0,21.0,3.0,9.0,1.0,5.0,0.0,
AILP-12,CTM,Level,1.0,1.0,35.0,40,13.51,450.67,1.0,553.0,3.0,,5.0,13.0,4.0,2.0,0.0,
MILO-69,Direct,Decreasing,1.0,1.0,47.0,30,25.24,582.69,1.0,579.0,3.0,21.0,3.0,10.0,5.0,4.0,0.0,
DMIS-78,CTM,Level with CI,0.0,1.0,47.0,25,18.14,409.39,1.0,554.0,1.0,,5.0,18.0,6.0,9.0,0.0,
CYWX-92,Direct,Decreasing with CI,1.0,1.0,19.0,30,24.1,502.64,1.0,581.0,4.0,48.0,6.0,13.0,4.0,2.0,0.0,
NBYE-34,CTM,Decreasing with CI,1.0,0.0,33.0,20,15.49,388.73,1.0,,,,,,,,,
JLLS-55,CTM,Decreasing with CI,1.0,0.0,51.0,5,29.4,133.79,1.0,567.0,4.0,20.0,12.0,15.0,6.0,5.0,0.0,
AYTT-88,CTM,Level with CI,0.0,0.0,49.0,10,17.72,391.3,1.0,558.0,3.0,,8.0,9.0,4.0,4.0,0.0,
NHVQ-58,CTM,Decreasing accelerated,1.0,1.0,55.0,20,5.61,130.49,1.0,,,,,,,,,
TNMS-60,Direct,Decreasing with CI,1.0,0.0,32.0,5,34.05,774.42,1.0,558.0,8.0,,27.0,10.0,5.0,5.0,0.0,
CQTV-90,Direct,Decreasing,1.0,0.0,45.0,40,8.09,168.64,1.0,522.0,4.0,,4.0,14.0,8.0,7.0,0.0,
AETU-33,CTM,Decreasing accelerated,0.0,0.0,45.0,20,7.12,226.66,1.0,566.0,2.0,21.0,7.0,10.0,5.0,5.0,0.0,
DFUL-78,Direct,Level with CI,0.0,0.0,42.0,20,7.0,214.47,1.0,574.0,4.0,,11.0,12.0,4.0,4.0,0.0,
SUHK-23,CTM,Level,1.0,0.0,56.0,15,25.1,749.3,1.0,556.0,0.0,18.0,7.0,12.0,5.0,6.0,0.0,
UEXG-89,CTM,Level with CI,1.0,0.0,38.0,25,13.36,306.14,1.0,558.0,0.0,85.0,1.0,12.0,7.0,6.0,0.0,
HBQR-77,CTM,Level,1.0,1.0,52.0,15,5.8,129.24,1.0,533.0,3.0,,7.0,13.0,7.0,6.0,0.0,
UYYF-33,MSM,Decreasing,0.0,1.0,24.0,30,31.73,736.64,1.0,,,,,,,,,
SFBZ-73,Direct,Decreasing accelerated,1.0,0.0,36.0,5,37.88,768.18,1.0,,,,,,,,,
CUXS-15,MSM,Decreasing with CI,0.0,1.0,46.0,20,23.9,530.02,1.0,568.0,9.0,26.0,19.0,13.0,4.0,10.0,0.0,
OCGV-41,CTM,Level,0.0,0.0,40.0,30,23.83,612.02,1.0,,,,,,,,,
VGJA-72,Direct,Decreasing accelerated,1.0,0.0,49.0,20,5.8,129.24,1.0,533.0,3.0,,7.0,13.0,7.0,6.0,0.0,
RXWT-50,MSM,Level,0.0,0.0,48.0,25,84.13,1603.11,1.0,537.0,0.0,,13.0,23.0,7.0,10.0,0.0,
LUAJ-37,Direct,Decreasing,0.0,0.0,37.0,10,32.38,715.06,1.0,581.0,1.0,21.0,3.0,9.0,1.0,5.0,0.0,
YCLX-78,CTM,Level with CI,1.0,1.0,58.0,20,7.64,105.84,1.0,580.0,3.0,,0.0,11.0,5.0,8.0,0.0,
WSBD-50,CTM,Level,1.0,0.0,57.0,5,39.0,1195.37,1.0,,,,,,,,,
TYOA-34,CTM,Level,1.0,0.0,53.0,5,7.01,107.95,1.0,538.0,7.0,21.0,7.0,19.0,7.0,10.0,0.0,
GRJL-26,Direct,Decreasing,0.0,1.0,53.0,20,48.41,1443.35,1.0,571.0,2.0,,1.0,,,,0.0,
QRSM-66,MSM,Level,0.0,1.0,46.0,10,23.9,530.02,1.0,568.0,9.0,26.0,19.0,13.0,4.0,10.0,0.0,
NDRK-63,MSM,Level,0.0,0.0,33.0,30,36.29,1046.99,1.0,546.0,0.0,,4.0,15.0,6.0,3.0,0.0,
NNTS-83,Direct,Level with CI,1.0,0.0,34.0,20,19.66,534.05,1.0,558.0,3.0,,5.0,11.0,4.0,3.0,0.0,
EAYW-18,CTM,Level with CI,1.0,0.0,45.0,20,27.38,643.95,1.0,527.0,1.0,,7.0,20.0,8.0,9.0,0.0,
XVPP-66,CTM,Decreasing with CI,1.0,0.0,52.0,10,13.02,376.4,1.0,,,,,,,,,
OWOJ-38,MSM,Decreasing with CI,1.0,0.0,46.0,20,32.62,910.6,1.0,558.0,3.0,,5.0,11.0,4.0,3.0,0.0,
AHGV-99,CTM,Decreasing with CI,1.0,0.0,52.0,20,19.41,428.55,1.0,558.0,3.0,,8.0,9.0,4.0,4.0,0.0,
NFMR-26,CTM,Level,0.0,0.0,23.0,30,28.02,663.55,1.0,,,,,,,,,
NKPU-71,MSM,Decreasing with CI,0.0,1.0,39.0,10,17.72,391.3,1.0,558.0,3.0,,8.0,9.0,4.0,4.0,0.0,
MPTF-63,Direct,Level,0.0,0.0,52.0,15,35.41,1062.16,1.0,,,,,,,,,
VFME-65,Direct,Decreasing with CI,1.0,0.0,42.0,30,10.0,218.5,1.0,,,,,,,,,
ODPP-99,CTM,Level with CI,1.0,0.0,62.0,20,9.79,238.41,1.0,530.0,6.0,,11.0,21.0,7.0,5.0,0.0,
ZVSO-48,MSM,Decreasing,1.0,1.0,42.0,10,18.03,592.59,1.0,589.0,1.0,205.0,3.0,7.0,5.0,1.0,0.0,
UBSO-23,CTM,Decreasing,0.0,1.0,26.0,10,17.81,396.19,1.0,,,,,,,,,
ZYGY-65,MSM,Decreasing accelerated,1.0,0.0,57.0,15,20.0,352.31,1.0,,,,,,,,,
SADV-22,Direct,Decreasing,0.0,0.0,48.0,30,6.82,104.87,1.0,538.0,7.0,21.0,7.0,19.0,7.0,10.0,0.0,
JPCI-25,Direct,Level,1.0,1.0,32.0,20,14.37,493.28,1.0,588.0,5.0,65.0,4.0,6.0,2.0,2.0,0.0,
THIP-78,MSM,Decreasing,1.0,1.0,42.0,30,35.15,878.48,1.0,575.0,2.0,,3.0,11.0,5.0,2.0,0.0,
IHQN-18,CTM,Decreasing with CI,1.0,0.0,42.0,10,194.28,3470.16,1.0,537.0,0.0,,13.0,23.0,7.0,10.0,0.0,
ZZIK-13,CTM,Decreasing,1.0,0.0,46.0,20,6.41,140.57,1.0,561.0,0.0,109.0,12.0,11.0,4.0,9.0,0.0,
NXCD-94,Direct,Level,0.0,1.0,55.0,20,31.37,673.9,1.0,568.0,5.0,31.0,6.0,13.0,3.0,1.0,0.0,
IZEK-35,Direct,Level,1.0,0.0,35.0,30,55.53,1120.97,1.0,,,,,,,,,
YUKQ-84,MSM,Level with CI,1.0,0.0,32.0,10,18.75,545.05,1.0,560.0,4.0,,5.0,15.0,4.0,6.0,0.0,
TVYW-18,CTM,Decreasing with CI,0.0,0.0,45.0,30,89.46,1758.55,1.0,556.0,3.0,,14.0,7.0,6.0,7.0,0.0,
KNTN-57,CTM,Level,1.0,0.0,32.0,10,6.53,92.23,1.0,538.0,7.0,21.0,7.0,19.0,7.0,10.0,0.0,
FXSM-48,Direct,Decreasing with CI,1.0,1.0,39.0,30,41.35,1150.92,1.0,587.0,2.0,24.0,4.0,6.0,3.0,5.0,0.0,
AIMJ-64,Direct,Decreasing with CI,0.0,0.0,45.0,20,8.1,232.37,1.0,555.0,3.0,,4.0,18.0,5.0,5.0,0.0,
TJQU-88,Direct,Level,1.0,1.0,32.0,20,18.75,545.05,1.0,560.0,4.0,,5.0,15.0,4.0,6.0,0.0,
UHBG-12,CTM,Decreasing,1.0,1.0,30.0,20,9.93,284.83,1.0,555.0,3.0,,4.0,18.0,5.0,5.0,0.0,
OKGY-28,CTM,Decreasing,1.0,0.0,46.0,10,6.92,189.81,1.0,538.0,7.0,21.0,7.0,19.0,7.0,10.0,0.0,
GAQV-88,MSM,Level with CI,1.0,1.0,38.0,10,25.24,582.69,1.0,579.0,3.0,21.0,3.0,10.0,5.0,4.0,0.0,
LCLJ-44,Direct,Decreasing with CI,0.0,0.0,44.0,20,25.66,703.77,1.0,,,,,,,,,
ZDEB-49,CTM,Decreasing with CI,0.0,1.0,35.0,30,9.97,270.29,1.0,538.0,7.0,21.0,7.0,19.0,7.0,10.0,0.0,
BGMM-29,MSM,Decreasing with CI,1.0,0.0,43.0,25,53.28,1160.77,1.0,556.0,4.0,,3.0,17.0,3.0,1.0,0.0,
LUXI-42,Direct,Level with CI,0.0,0.0,52.0,25,13.0,377.78,1.0,587.0,7.0,,12.0,9.0,5.0,2.0,0.0,
WBXM-46,Direct,Level,1.0,1.0,58.0,25,10.53,254.65,1.0,,,,,,,,,
RWLR-80,CTM,Level,1.0,0.0,37.0,20,34.45,860.39,1.0,575.0,2.0,,3.0,11.0,5.0,2.0,0.0,
NJPV-72,CTM,Level,0.0,1.0,41.0,30,20.81,475.14,1.0,556.0,1.0,12.0,8.0,9.0,4.0,6.0,0.0,
JMDW-56,CTM,Level,0.0,0.0,55.0,25,54.53,1140.71,1.0,544.0,0.0,23.0,4.0,,7.0,,0.0,
NUPH-69,CTM,Decreasing,1.0,0.0,46.0,30,12.03,413.13,1.0,588.0,5.0,65.0,4.0,6.0,2.0,2.0,0.0,
KJUT-73,CTM,Level with CI,0.0,0.0,52.0,5,15.88,348.52,1.0,441.0,4.0,72.0,2.0,22.0,7.0,6.0,2.0,6.0
YNWK-92,MSM,Level,1.0,0.0,36.0,30,6.46,100.02,1.0,538.0,7.0,21.0,7.0,19.0,7.0,10.0,0.0,
STEJ-68,CTM,Decreasing with CI,1.0,1.0,52.0,10,48.41,1443.35,1.0,571.0,2.0,,1.0,,,,0.0,
AKTZ-98,MSM,Level with CI,1.0,0.0,48.0,10,19.98,420.74,1.0,571.0,10.0,21.0,8.0,9.0,4.0,7.0,0.0,
PMVP-45,Direct,Level,1.0,0.0,50.0,20,43.56,689.69,1.0,526.0,0.0,,27.0,24.0,7.0,10.0,0.0,
EOGD-92,MSM,Decreasing accelerated,1.0,1.0,40.0,20,13.81,366.16,1.0,568.0,5.0,31.0,6.0,13.0,3.0,1.0,0.0,
MEPO-64,CTM,Decreasing with CI,0.0,1.0,46.0,30,25.24,582.69,1.0,579.0,3.0,21.0,3.0,10.0,5.0,4.0,0.0,
MCWN-57,CTM,Decreasing with CI,0.0,1.0,44.0,20,13.81,366.16,1.0,568.0,5.0,31.0,6.0,13.0,3.0,1.0,0.0,
VEOL-74,MSM,Level,0.0,1.0,56.0,20,6.41,140.57,1.0,561.0,0.0,109.0,12.0,11.0,4.0,9.0,0.0,
FBSY-25,CTM,Level accelerated,0.0,1.0,42.0,30,37.95,950.85,1.0,575.0,2.0,,3.0,11.0,5.0,2.0,0.0,
GIHS-41,Direct,Level accelerated,0.0,0.0,55.0,20,4.26,46.37,1.0,483.0,4.0,,3.0,21.0,7.0,7.0,1.0,14.0
RQEE-79,Direct,Decreasing with CI,0.0,1.0,55.0,20,47.62,1378.49,1.0,,,,,,,,,
BIAP-61,CTM,Decreasing with CI,1.0,0.0,51.0,30,15.9,313.42,1.0,,,,,,,,,
RDRT-60,Direct,Level with CI,0.0,0.0,37.0,30,7.01,107.95,1.0,538.0,7.0,20.0,7.0,19.0,7.0,10.0,0.0,
TMBV-70,MSM,Level,1.0,0.0,36.0,5,8.1,232.37,1.0,555.0,3.0,,4.0,18.0,5.0,5.0,0.0,
DMTU-87,CTM,Level with CI,0.0,1.0,51.0,40,26.1,627.51,1.0,527.0,1.0,,7.0,20.0,8.0,9.0,0.0,
CGUX-49,CTM,Decreasing with CI,1.0,1.0,38.0,5,15.32,337.93,1.0,,,,,,,,,
ORWQ-77,MSM,Decreasing,1.0,0.0,42.0,15,10.88,239.61,1.0,,,,,,,,,
LZFA-68,MSM,Decreasing,0.0,0.0,36.0,30,40.0,1003.78,1.0,549.0,1.0,36.0,4.0,18.0,6.0,8.0,0.0,
JVQF-20,CTM,Decreasing with CI,1.0,1.0,62.0,10,36.47,943.49,1.0,568.0,2.0,21.0,13.0,11.0,6.0,2.0,0.0,
HWIQ-94,CTM,Level,1.0,1.0,48.0,20,34.46,935.38,1.0,,,,,,,,,
DZSF-37,Direct,Level accelerated,0.0,0.0,54.0,20,23.9,530.02,1.0,568.0,9.0,26.0,19.0,13.0,4.0,10.0,0.0,
GYJP-17,CTM,Level,0.0,0.0,33.0,30,40.0,1003.78,1.0,549.0,1.0,36.0,4.0,18.0,6.0,8.0,0.0,
ONGM-50,MSM,Decreasing with CI,1.0,0.0,38.0,20,28.5,506.08,1.0,514.0,4.0,16.0,14.0,23.0,7.0,10.0,0.0,
MISF-58,MSM,Level with CI,0.0,0.0,21.0,10,56.77,877.45,1.0,575.0,8.0,15.0,5.0,5.0,3.0,6.0,0.0,
QIBJ-53,MSM,Level,1.0,0.0,44.0,10,11.01,255.04,1.0,,,,,,,,,
TDTT-68,CTM,Decreasing,0.0,1.0,62.0,20,41.07,1061.78,1.0,577.0,4.0,12.0,4.0,1.0,1.0,1.0,0.0,
BIRL-49,Direct,Decreasing with CI,0.0,0.0,43.0,30,28.26,763.19,1.0,,,,,,,,,
TPDD-60,CTM,Decreasing,0.0,0.0,29.0,20,16.96,383.61,1.0,556.0,1.0,12.0,8.0,9.0,4.0,6.0,0.0,
QMJJ-97,MSM,Level,1.0,1.0,64.0,20,12.03,413.13,1.0,588.0,5.0,65.0,4.0,6.0,2.0,2.0,0.0,
ABQX-85,CTM,Decreasing with CI,1.0,0.0,46.0,20,14.74,355.91,1.0,549.0,1.0,,6.0,19.0,6.0,10.0,0.0,
GVZP-22,MSM,Decreasing with CI,1.0,0.0,46.0,30,13.87,382.03,1.0,,,,,,,,,
JSRX-59,CTM,Level accelerated,0.0,1.0,60.0,40,13.87,382.03,1.0,,,,,,,,,
FTFN-36,CTM,Level,0.0,0.0,52.0,5,13.92,272.54,1.0,,,,,,,,,
QYGO-58,CTM,Level with CI,1.0,1.0,45.0,5,61.41,1208.38,1.0,556.0,3.0,,14.0,7.0,6.0,7.0,0.0,
PQND-96,CTM,Decreasing,0.0,0.0,56.0,10,37.95,950.85,1.0,575.0,2.0,,3.0,11.0,5.0,2.0,0.0,
MKTW-56,CTM,Decreasing,1.0,0.0,39.0,30,51.6,1265.15,1.0,549.0,1.0,36.0,4.0,18.0,6.0,8.0,0.0,
IISQ-36,CTM,Level with CI,0.0,1.0,26.0,10,68.58,1668.44,1.0,578.0,2.0,21.0,7.0,2.0,2.0,1.0,0.0,
PJKZ-47,Direct,Decreasing,0.0,1.0,42.0,5,37.97,940.92,1.0,,,,,,,,,
PFCI-65,CTM,Decreasing,1.0,0.0,42.0,30,23.83,612.02,1.0,,,,,,,,,
WBES-17,Direct,Level,1.0,0.0,50.0,30,14.82,353.08,1.0,553.0,0.0,40.0,21.0,9.0,4.0,6.0,0.0,
RGFV-76,MSM,Level with CI,1.0,1.0,49.0,25,24.41,628.34,1.0,,,,,,,,,
WZPB-81,CTM,Level with CI,1.0,0.0,39.0,20,24.18,746.09,1.0,549.0,2.0,6.0,9.0,10.0,6.0,5.0,0.0,
EWTR-97,CTM,Level,0.0,0.0,39.0,10,25.7,682.78,1.0,558.0,3.0,,5.0,11.0,4.0,3.0,0.0,
OVOB-54,CTM,Level accelerated,0.0,0.0,39.0,25,40.43,1011.03,1.0,575.0,2.0,,3.0,11.0,5.0,2.0,0.0,
RNUG-48,MSM,Level,0.0,1.0,44.0,5,5.8,63.1,1.0,483.0,4.0,,3.0,21.0,7.0,7.0,1.0,14.0
FECV-31,CTM,Level,1.0,1.0,46.0,30,41.0,820.73,1.0,571.0,2.0,,0.0,,,,0.0,
ZJIZ-61,CTM,Level with CI,0.0,0.0,44.0,15,26.4,663.36,1.0,516.0,3.0,,9.0,11.0,4.0,5.0,1.0,46.0
ZGRO-30,CTM,Decreasing accelerated,1.0,0.0,49.0,15,6.82,104.87,1.0,538.0,7.0,20.0,7.0,19.0,7.0,10.0,0.0,
DRXC-78,MSM,Level with CI,1.0,1.0,48.0,10,64.98,2009.15,1.0,,,,,,,,,
TNSI-59,MSM,Decreasing with CI,1.0,0.0,37.0,20,10.0,213.1,1.0,,,,,,,,,
UDYH-76,CTM,Decreasing with CI,0.0,1.0,51.0,20,25.32,703.72,1.0,577.0,4.0,12.0,4.0,1.0,1.0,1.0,0.0,
GTYX-28,CTM,Decreasing,0.0,1.0,35.0,25,16.42,461.16,1.0,568.0,1.0,10.0,5.0,20.0,5.0,5.0,0.0,
RIQC-65,Direct,Level,1.0,0.0,40.0,5,31.41,641.9,1.0,558.0,1.0,85.0,1.0,12.0,7.0,6.0,0.0,
YPIM-33,CTM,Decreasing with CI,0.0,0.0,39.0,30,34.23,998.37,1.0,589.0,1.0,205.0,3.0,7.0,5.0,1.0,0.0,
JGZT-68,Direct,Level,1.0,0.0,35.0,20,6.53,92.23,1.0,538.0,7.0,20.0,7.0,19.0,7.0,10.0,0.0,
TWVU-16,CTM,Level,0.0,0.0,37.0,30,38.96,902.98,1.0,480.0,1.0,7.0,4.0,18.0,6.0,8.0,2.0,12.0
TOPJ-55,MSM,Level with CI,1.0,1.0,41.0,20,29.33,791.79,1.0,,,,,,,,,
LYNA-10,CTM,Decreasing accelerated,0.0,1.0,50.0,20,13.97,308.34,1.0,558.0,3.0,,8.0,9.0,4.0,4.0,0.0,
HKSL-86,MSM,Level,0.0,0.0,43.0,30,28.24,688.45,1.0,527.0,1.0,,7.0,20.0,8.0,9.0,0.0,
WQWO-43,MSM,Decreasing with CI,1.0,1.0,40.0,5,17.81,396.19,1.0,,,,,,,,,
ZUIW-59,CTM,Decreasing with CI,1.0,0.0,45.0,30,29.76,769.7,1.0,568.0,2.0,21.0,13.0,11.0,6.0,2.0,0.0,
HKMG-56,MSM,Decreasing,1.0,0.0,32.0,30,7.12,226.66,1.0,566.0,2.0,21.0,7.0,10.0,5.0,5.0,0.0,
TJOK-14,CTM,Decreasing accelerated,1.0,0.0,40.0,5,4.58,106.66,1.0,,,,,,,,,
NLCV-48,Direct,Decreasing with CI,0.0,0.0,44.0,25,24.42,571.6,1.0,558.0,3.0,,8.0,9.0,4.0,4.0,0.0,
TSAB-31,CTM,Decreasing,0.0,0.0,35.0,10,15.05,310.92,1.0,531.0,2.0,,9.0,18.0,7.0,8.0,0.0,
LSJB-24,Direct,Level,0.0,1.0,54.0,25,15.9,313.42,1.0,,,,,,,,,
DPEB-76,Direct,Decreasing accelerated,0.0,1.0,41.0,20,14.82,353.08,1.0,553.0,0.0,40.0,21.0,9.0,4.0,6.0,0.0,
HQXE-65,CTM,Decreasing with CI,1.0,1.0,45.0,15,10.87,292.74,1.0,538.0,7.0,21.0,7.0,19.0,7.0,10.0,0.0,
FWDF-11,Direct,Decreasing with CI,1.0,0.0,46.0,20,11.2,233.54,1.0,561.0,4.0,,3.0,,5.0,,0.0,
FFTI-33,CTM,Level,1.0,0.0,35.0,20,28.5,506.08,1.0,514.0,4.0,16.0,14.0,23.0,7.0,10.0,0.0,
QGUK-86,Direct,Level with CI,0.0,0.0,47.0,5,19.85,488.84,1.0,537.0,3.0,,6.0,19.0,7.0,6.0,0.0,
JLHM-46,Direct,Level with CI,0.0,0.0,36.0,20,19.98,420.74,1.0,571.0,10.0,21.0,8.0,9.0,4.0,7.0,0.0,
SCZT-78,CTM,Level,1.0,0.0,33.0,30,13.81,366.16,1.0,568.0,5.0,31.0,6.0,13.0,3.0,1.0,0.0,
QCHZ-28,MSM,Level with CI,1.0,0.0,50.0,35,34.28,1116.28,1.0,588.0,5.0,65.0,4.0,6.0,2.0,2.0,0.0,
GZRR-97,CTM,Level with CI,0.0,0.0,32.0,20,25.63,644.65,1.0,544.0,1.0,,55.0,9.0,6.0,8.0,0.0,
BQQQ-27,Direct,Decreasing,0.0,1.0,44.0,20,8.1,232.37,1.0,555.0,3.0,,4.0,18.0,5.0,5.0,0.0,
GSPK-57,Direct,Level with CI,1.0,1.0,50.0,20,31.41,641.9,1.0,558.0,1.0,85.0,1.0,12.0,7.0,6.0,0.0,
JXXG-47,CTM,Level,0.0,0.0,21.0,20,121.67,2323.06,1.0,537.0,0.0,,13.0,23.0,7.0,10.0,0.0,
BBSX-23,Direct,Level with CI,0.0,0.0,41.0,15,12.08,257.74,1.0,575.0,2.0,21.0,11.0,17.0,4.0,2.0,0.0,
KQMA-38,MSM,Level,0.0,0.0,48.0,10,12.66,368.5,1.0,587.0,7.0,,12.0,9.0,5.0,2.0,0.0,
KDYS-78,MSM,Decreasing,1.0,0.0,52.0,25,32.2,669.17,1.0,558.0,1.0,85.0,1.0,12.0,7.0,6.0,0.0,
QAVQ-93,CTM,Level,0.0,0.0,41.0,20,11.14,312.86,1.0,555.0,3.0,,4.0,18.0,5.0,5.0,0.0,
GGKJ-87,Direct,Level accelerated,0.0,0.0,44.0,20,3.76,87.11,1.0,583.0,0.0,73.0,5.0,17.0,4.0,9.0,0.0,
VVYJ-67,MSM,Level,0.0,0.0,54.0,30,9.8,205.27,1.0,522.0,4.0,,4.0,14.0,8.0,7.0,0.0,
HUWL-85,Direct,Level with CI,0.0,0.0,35.0,30,24.1,502.64,1.0,581.0,4.0,48.0,6.0,13.0,4.0,2.0,0.0,
FMXP-93,CTM,Level,1.0,0.0,49.0,20,31.73,736.64,1.0,,,,,,,,,
SNFC-85,CTM,Level,1.0,0.0,46.0,5,19.85,488.84,1.0,537.0,3.0,,6.0,19.0,7.0,6.0,0.0,
JDHQ-68,Direct,Decreasing with CI,1.0,0.0,44.0,30,30.34,636.1,1.0,564.0,1.0,,8.0,14.0,4.0,5.0,0.0,
KYUP-91,CTM,Level accelerated,1.0,1.0,32.0,20,10.35,281.27,1.0,556.0,1.0,10.0,12.0,13.0,7.0,8.0,0.0,
ZERR-25,Direct,Level,0.0,0.0,44.0,20,13.51,450.67,1.0,553.0,3.0,,5.0,13.0,4.0,2.0,0.0,
CMHG-78,CTM,Decreasing with CI,0.0,1.0,44.0,30,47.48,1597.13,1.0,579.0,3.0,109.0,6.0,14.0,6.0,3.0,0.0,
IEUE-42,Direct,Level,1.0,0.0,45.0,30,18.75,545.05,1.0,560.0,4.0,,5.0,15.0,4.0,6.0,0.0,
RSGC-92,MSM,Level,0.0,0.0,40.0,30,18.38,432.34,1.0,571.0,10.0,21.0,8.0,9.0,4.0,7.0,0.0,
QFLL-55,Direct,Level,1.0,1.0,26.0,5,11.01,255.04,1.0,,,,,,,,,
KGXX-14,CTM,Decreasing accelerated,1.0,1.0,44.0,30,11.86,288.6,1.0,555.0,6.0,,15.0,15.0,5.0,4.0,0.0,
URWT-70,CTM,Level,1.0,1.0,64.0,20,38.2,173.83,1.0,567.0,4.0,20.0,12.0,15.0,6.0,5.0,0.0,
HYWW-54,CTM,Level,0.0,0.0,53.0,10,43.1,1165.86,1.0,561.0,4.0,,3.0,,5.0,,0.0,
CSEP-19,MSM,Decreasing,0.0,0.0,51.0,20,10.0,263.19,1.0,528.0,8.0,21.0,5.0,24.0,7.0,9.0,0.0,
FTMX-40,Direct,Decreasing with CI,0.0,1.0,53.0,10,51.6,1265.15,1.0,549.0,1.0,36.0,4.0,18.0,6.0,8.0,0.0,
PGMD-87,CTM,Decreasing with CI,1.0,0.0,51.0,5,13.0,377.78,1.0,587.0,7.0,,12.0,9.0,5.0,2.0,0.0,
FWYO-65,CTM,Decreasing,1.0,1.0,50.0,30,16.08,388.9,1.0,542.0,5.0,,6.0,10.0,6.0,7.0,0.0,
SFBZ-70,Direct,Decreasing with CI,1.0,0.0,40.0,30,12.04,270.12,1.0,554.0,1.0,,5.0,18.0,6.0,9.0,0.0,
UIJS-56,MSM,Level with CI,1.0,0.0,33.0,5,9.27,179.72,1.0,558.0,3.0,,8.0,11.0,5.0,3.0,0.0,
EHJB-63,MSM,Decreasing with CI,0.0,0.0,45.0,20,23.66,432.67,1.0,562.0,2.0,109.0,10.0,14.0,5.0,8.0,0.0,
KHPS-78,CTM,Decreasing with CI,1.0,1.0,49.0,20,61.5,1291.41,1.0,544.0,0.0,23.0,4.0,,7.0,,0.0,
FPJP-43,Direct,Decreasing with CI,1.0,0.0,40.0,20,46.9,949.33,1.0,,,,,,,,,
IUFL-97,Direct,Level,0.0,1.0,46.0,5,28.26,763.19,1.0,,,,,,,,,
KTVL-93,Direct,Level,0.0,0.0,40.0,20,8.09,168.64,1.0,522.0,4.0,,4.0,14.0,8.0,7.0,0.0,
TTWU-50,Direct,Decreasing with CI,1.0,1.0,41.0,15,15.05,310.92,1.0,531.0,2.0,,9.0,18.0,7.0,8.0,0.0,
YDEH-36,CTM,Level,1.0,0.0,52.0,5,24.75,539.45,1.0,554.0,3.0,,4.0,15.0,4.0,6.0,0.0,
NAPC-55,Direct,Level with CI,1.0,1.0,45.0,5,24.1,502.64,1.0,581.0,4.0,48.0,6.0,13.0,4.0,2.0,0.0,
VNIC-14,Direct,Level,1.0,1.0,46.0,20,23.81,446.74,1.0,,,,,,,,,
RFGE-77,CTM,Level,1.0,0.0,24.0,5,18.68,494.94,1.0,533.0,3.0,24.0,13.0,10.0,7.0,6.0,0.0,
QDVY-82,MSM,Level accelerated,1.0,0.0,48.0,5,15.9,313.42,1.0,,,,,,,,,
BXWE-71,MSM,Level with CI,1.0,0.0,41.0,20,3.76,87.11,1.0,583.0,0.0,73.0,5.0,17.0,4.0,9.0,0.0,
KVOH-18,Direct,Decreasing with CI,1.0,1.0,33.0,30,25.1,749.3,1.0,556.0,0.0,18.0,7.0,12.0,5.0,6.0,0.0,
HHOA-83,CTM,Level,1.0,0.0,50.0,5,7.01,107.95,1.0,538.0,7.0,20.0,7.0,19.0,7.0,10.0,0.0,
YAVI-25,MSM,Level,1.0,1.0,43.0,20,36.32,801.72,1.0,581.0,1.0,21.0,3.0,9.0,1.0,5.0,0.0,
TPCS-68,Direct,Decreasing,1.0,1.0,50.0,10,18.75,545.05,1.0,560.0,4.0,,5.0,15.0,4.0,6.0,0.0,
SEYD-23,Direct,Level,1.0,0.0,42.0,20,12.54,275.14,1.0,542.0,1.0,,8.0,22.0,6.0,7.0,0.0,
JYTV-83,Direct,Level,0.0,1.0,44.0,20,38.96,902.98,1.0,480.0,1.0,7.0,4.0,18.0,6.0,8.0,2.0,12.0
LNMA-46,CTM,Level,1.0,0.0,47.0,10,18.0,374.51,1.0,568.0,5.0,31.0,6.0,13.0,3.0,1.0,0.0,
AWFL-66,MSM,Level,0.0,1.0,21.0,30,18.24,626.2,1.0,588.0,5.0,65.0,4.0,6.0,2.0,2.0,0.0,
OWPF-70,Direct,Level with CI,1.0,1.0,48.0,30,29.33,791.79,1.0,,,,,,,,,
TDPT-21,Direct,Level,0.0,1.0,33.0,20,10.57,207.03,1.0,,,,,,,,,
VKXG-68,CTM,Decreasing,1.0,1.0,47.0,30,66.09,1141.69,1.0,537.0,0.0,,13.0,23.0,7.0,10.0,0.0,
ZBPQ-12,Direct,Decreasing accelerated,0.0,0.0,32.0,10,13.87,382.03,1.0,,,,,,,,,
HMAH-19,CTM,Decreasing with CI,0.0,0.0,42.0,30,9.99,238.12,1.0,546.0,1.0,82.0,5.0,22.0,7.0,10.0,0.0,
XCSQ-77,CTM,Level,1.0,0.0,46.0,15,14.11,413.83,1.0,575.0,0.0,49.0,1.0,9.0,5.0,7.0,0.0,
HOLU-75,Direct,Decreasing with CI,0.0,0.0,47.0,30,9.79,238.41,1.0,530.0,6.0,,11.0,21.0,7.0,5.0,0.0,
SBQL-46,MSM,Level,1.0,0.0,45.0,20,35.38,884.51,1.0,575.0,2.0,,3.0,11.0,5.0,2.0,0.0,
QUNG-61,CTM,Decreasing with CI,1.0,0.0,41.0,20,34.46,935.38,1.0,,,,,,,,,
EVJY-12,CTM,Level,1.0,0.0,33.0,25,57.92,1169.82,1.0,,,,,,,,,
TLSX-97,CTM,Level,1.0,1.0,43.0,30,43.1,1165.86,1.0,561.0,4.0,,3.0,,5.0,,0.0,
VZTI-69,MSM,Level with CI,0.0,0.0,45.0,20,29.4,133.79,1.0,567.0,4.0,20.0,12.0,15.0,6.0,5.0,0.0,
LBZB-17,Direct,Level,0.0,1.0,45.0,30,27.59,668.29,1.0,537.0,3.0,,6.0,19.0,7.0,6.0,0.0,
QYLS-29,Direct,Level with CI,1.0,1.0,59.0,30,13.96,365.64,1.0,561.0,7.0,15.0,8.0,11.0,4.0,2.0,0.0,
VFLC-67,CTM,Decreasing accelerated,0.0,1.0,39.0,20,11.59,348.07,1.0,570.0,3.0,,0.0,11.0,8.0,3.0,0.0,
JQMX-78,CTM,Decreasing,0.0,1.0,28.0,20,23.83,612.02,1.0,558.0,2.0,,0.0,5.0,8.0,5.0,0.0,
MZXP-72,Direct,Level,0.0,0.0,46.0,20,24.9,474.31,1.0,546.0,1.0,60.0,16.0,13.0,5.0,8.0,0.0,
LJAN-33,Direct,Decreasing accelerated,0.0,0.0,45.0,10,16.1,439.61,1.0,564.0,3.0,61.0,22.0,11.0,3.0,10.0,0.0,
IOBY-22,MSM,Level with CI,0.0,0.0,57.0,20,6.24,148.77,1.0,509.0,,,,7.0,4.0,2.0,,
FZEC-47,CTM,Decreasing with CI,1.0,1.0,48.0,30,23.83,612.02,1.0,558.0,2.0,,0.0,5.0,8.0,5.0,0.0,
SUUY-51,Direct,Level,1.0,1.0,39.0,20,4.58,106.66,1.0,,,,,,,,,
CQOR-47,MSM,Level with CI,1.0,0.0,49.0,30,8.1,232.37,1.0,555.0,3.0,,4.0,18.0,5.0,5.0,0.0,
UHCN-22,MSM,Level,1.0,1.0,51.0,20,44.16,975.08,1.0,581.0,1.0,21.0,3.0,9.0,1.0,5.0,0.0,
SGDZ-56,Direct,Decreasing,0.0,1.0,41.0,30,23.87,510.13,1.0,581.0,6.0,20.0,6.0,13.0,4.0,8.0,0.0,
ACNL-67,CTM,Level,1.0,0.0,52.0,30,23.83,612.02,1.0,,,,,,,,,
AGRT-65,MSM,Decreasing with CI,1.0,0.0,47.0,20,11.35,259.61,1.0,,,,,,,,,
MBMN-31,Direct,Decreasing with CI,1.0,0.0,42.0,10,18.89,429.37,1.0,556.0,1.0,12.0,8.0,9.0,4.0,6.0,0.0,
NWSA-73,MSM,Level with CI,0.0,0.0,51.0,30,24.9,474.31,1.0,546.0,1.0,60.0,16.0,13.0,5.0,8.0,0.0,
EODZ-15,Direct,Level,0.0,0.0,63.0,20,12.05,278.22,1.0,,,,,,,,,
MEAU-95,CTM,Level,1.0,0.0,46.0,30,9.97,270.29,1.0,538.0,7.0,20.0,7.0,19.0,7.0,10.0,0.0,
GRHH-32,CTM,Decreasing,1.0,0.0,49.0,20,19.65,520.76,1.0,580.0,1.0,60.0,3.0,9.0,3.0,1.0,0.0,
ZKQQ-79,MSM,Level accelerated,1.0,0.0,45.0,30,15.31,354.2,1.0,558.0,1.0,85.0,1.0,12.0,7.0,6.0,0.0,
CBQU-35,CTM,Level,1.0,0.0,42.0,20,14.15,337.31,1.0,,,,,,,,,
LISA-24,Direct,Level,1.0,1.0,33.0,30,33.53,702.3,1.0,564.0,1.0,,8.0,14.0,4.0,5.0,0.0,
OBPY-79,CTM,Decreasing with CI,1.0,0.0,32.0,35,8.1,232.37,1.0,555.0,3.0,,4.0,18.0,5.0,5.0,0.0,
